Title, Torrent
Aladdin (1992),magnet:?xt=urn:btih:d5578c9b3abf5725c3a38b345ab1f4980cfe9325&dn=Aladdin.1992.1080p.BluRay.H264.AAC-RARBG&tr=http%3A%2F%2Ftracker.trackerfix.com%3A80%2Fannounce&tr=udp%3A%2F%2F9.rarbg.me%3A2710&tr=udp%3A%2F%2F9.rarbg.to%3A2710&tr=udp%3A%2F%2Fopen.demonii.com%3A1337%2Fannounce
Snow White and the Seven Dwarfs (1937),magnet:?xt=urn:btih:c15f0871334240653bdefe1e29941439d0666210&dn=Snow.White.And.The.Seven.Dwarfs.1937.1080p.BluRay.H264.AAC-RARBG&tr=http%3A%2F%2Ftracker.trackerfix.com%3A80%2Fannounce&tr=udp%3A%2F%2F9.rarbg.me%3A2710&tr=udp%3A%2F%2F9.rarbg.to%3A2710&tr=udp%3A%2F%2Fopen.demonii.com%3A1337%2Fannounce
Fun & Fancy Free (1947),magnet:?xt=urn:btih:c318c7a1a27e0662d4891ca0ca464d7d340cecf7&dn=Fun.and.Fancy.Free.1947.1080p.BluRay.X264-Japhson&tr=http%3A%2F%2Ftracker.trackerfix.com%3A80%2Fannounce&tr=udp%3A%2F%2F9.rarbg.me%3A2710&tr=udp%3A%2F%2F9.rarbg.to%3A2710&tr=udp%3A%2F%2Fopen.demonii.com%3A1337%2Fannounce
The Adventures of Ichabod and Mr. Toad (1949),magnet:?xt=urn:btih:ec212fa9bfd2ee720d272824582dcd58bb02d695&dn=The.Adventures.of.Ichabod.and.Mr.Toad.1949.1080p.BluRay.X264-Japhson&tr=http%3A%2F%2Ftracker.trackerfix.com%3A80%2Fannounce&tr=udp%3A%2F%2F9.rarbg.me%3A2710&tr=udp%3A%2F%2F9.rarbg.to%3A2710&tr=udp%3A%2F%2Fopen.demonii.com%3A1337%2Fannounce
Alice in Wonderland (1951),magnet:?xt=urn:btih:5bf814bec40ff2d324f5e5a76ba9093f5003ece9&dn=Alice.In.Wonderland.1951.1080p.BluRay.x264-CiNEFiLE&tr=http%3A%2F%2Ftracker.trackerfix.com%3A80%2Fannounce&tr=udp%3A%2F%2F9.rarbg.me%3A2710&tr=udp%3A%2F%2F9.rarbg.to%3A2710&tr=udp%3A%2F%2Fopen.demonii.com%3A1337%2Fannounce
Peter Pan (1953),magnet:?xt=urn:btih:e3d5e8257931464502f35a85203fbac2782abbcb&dn=Peter.Pan.1953.1080p.BluRay.X264-AMIABLE&tr=http%3A%2F%2Ftracker.trackerfix.com%3A80%2Fannounce&tr=udp%3A%2F%2F9.rarbg.me%3A2710&tr=udp%3A%2F%2F9.rarbg.to%3A2710&tr=udp%3A%2F%2Fopen.demonii.com%3A1337%2Fannounce
Lady and the Tramp (1955),magnet:?xt=urn:btih:fcde02a5864c5038a9b645ad5dcb28de282ea646&dn=Lady.and.the.Tramp.1955.1080p.BluRay.H264.AAC-RARBG&tr=http%3A%2F%2Ftracker.trackerfix.com%3A80%2Fannounce&tr=udp%3A%2F%2F9.rarbg.me%3A2710&tr=udp%3A%2F%2F9.rarbg.to%3A2710&tr=udp%3A%2F%2Fopen.demonii.com%3A1337%2Fannounce
Sleeping Beauty (1959),magnet:?xt=urn:btih:e0c5b858bef9f235075e2deaf28f9f923953b525&dn=Sleeping.Beauty.1959.1080p.BluRay.x264-HD1080&tr=http%3A%2F%2Ftracker.trackerfix.com%3A80%2Fannounce&tr=udp%3A%2F%2F9.rarbg.me%3A2710&tr=udp%3A%2F%2F9.rarbg.to%3A2710&tr=udp%3A%2F%2Fopen.demonii.com%3A1337%2Fannounce
One Hundred and One Dalmatians (1961),magnet:?xt=urn:btih:0b501cd562e13fc1cee9080547b565209a2f5745&dn=101.Dalmatians.1961.1080p.BluRay.X264-AMIABLE&tr=http%3A%2F%2Ftracker.trackerfix.com%3A80%2Fannounce&tr=udp%3A%2F%2F9.rarbg.me%3A2710&tr=udp%3A%2F%2F9.rarbg.to%3A2710&tr=udp%3A%2F%2Fopen.demonii.com%3A1337%2Fannounce
The Sword in the Stone (1963),magnet:?xt=urn:btih:594ff1c8a9ebcb61a09e76792dc75d34ea1d9308&dn=The.Sword.in.the.Stone.1963.1080p.BluRay.H264.AAC-RARBG&tr=http%3A%2F%2Ftracker.trackerfix.com%3A80%2Fannounce&tr=udp%3A%2F%2F9.rarbg.me%3A2710&tr=udp%3A%2F%2F9.rarbg.to%3A2710&tr=udp%3A%2F%2Fopen.demonii.com%3A1337%2Fannounce
The Jungle Book (1967),magnet:?xt=urn:btih:87cf1549ef344b2f0b25669c2f9aaa511c1b16d8&dn=The.Jungle.Book.1967.1080p.BluRay.X264-AMIABLE&tr=http%3A%2F%2Ftracker.trackerfix.com%3A80%2Fannounce&tr=udp%3A%2F%2F9.rarbg.me%3A2710&tr=udp%3A%2F%2F9.rarbg.to%3A2710&tr=udp%3A%2F%2Fopen.demonii.com%3A1337%2Fannounce
The Jungle Book (2016),magnet:?xt=urn:btih:c9501a700d3581c87c8a290fe6d964d52a13e152&dn=The.Jungle.Book.2016.1080p.BluRay.H264.AAC-RARBG&tr=http%3A%2F%2Ftracker.trackerfix.com%3A80%2Fannounce&tr=udp%3A%2F%2F9.rarbg.me%3A2710&tr=udp%3A%2F%2F9.rarbg.to%3A2710&tr=udp%3A%2F%2Fopen.demonii.com%3A1337%2Fannounce
The AristoCats (1970),magnet:?xt=urn:btih:e827e00bc4988625c265185fec791cd4392f5689&dn=The.AristoCats.1970.1080p.BluRay.H264.AAC-RARBG&tr=http%3A%2F%2Ftracker.trackerfix.com%3A80%2Fannounce&tr=udp%3A%2F%2F9.rarbg.me%3A2710&tr=udp%3A%2F%2F9.rarbg.to%3A2710&tr=udp%3A%2F%2Fopen.demonii.com%3A1337%2Fannounce
Robin Hood (1973),magnet:?xt=urn:btih:60b061e9fba9e54533bf0b1c675d209eef963b7c&dn=Robin.Hood.1973.1080p.BluRay.x264-HD4U&tr=http%3A%2F%2Ftracker.trackerfix.com%3A80%2Fannounce&tr=udp%3A%2F%2F9.rarbg.me%3A2710&tr=udp%3A%2F%2F9.rarbg.to%3A2710&tr=udp%3A%2F%2Fopen.demonii.com%3A1337%2Fannounce
The Many Adventures of Winnie the Pooh (1977),magnet:?xt=urn:btih:ab0e768cda664ee188e8c9db40a8d249151dc246&dn=The.Many.Adventures.of.Winnie.the.Pooh.1977.1080p.BluRay.X264-AMIABLE&tr=http%3A%2F%2Ftracker.trackerfix.com%3A80%2Fannounce&tr=udp%3A%2F%2F9.rarbg.me%3A2710&tr=udp%3A%2F%2F9.rarbg.to%3A2710&tr=udp%3A%2F%2Fopen.demonii.com%3A1337%2Fannounce
The Rescuers (1977),magnet:?xt=urn:btih:df3f1893a480c68ff7efd61ce0c79313e6ab2736&dn=The.Rescuers.1977.1080p.BluRay.X264-AMIABLE&tr=http%3A%2F%2Ftracker.trackerfix.com%3A80%2Fannounce&tr=udp%3A%2F%2F9.rarbg.me%3A2710&tr=udp%3A%2F%2F9.rarbg.to%3A2710&tr=udp%3A%2F%2Fopen.demonii.com%3A1337%2Fannounce
The Fox and the Hound (1981),magnet:?xt=urn:btih:b193ba20f669f4727b3212d726c56af985ccebff&dn=The.Fox.and.the.Hound.1981.1080p.BluRay.X264-AMIABLE&tr=http%3A%2F%2Ftracker.trackerfix.com%3A80%2Fannounce&tr=udp%3A%2F%2F9.rarbg.me%3A2710&tr=udp%3A%2F%2F9.rarbg.to%3A2710&tr=udp%3A%2F%2Fopen.demonii.com%3A1337%2Fannounce
The Black Cauldron (1985),magnet:?xt=urn:btih:90820d4de6dd6dec6ece5f448434ed2fda7f4fdf&dn=The.Black.Cauldron.1985.1080p.WEBRip.DD5.1.x264-FGT&tr=http%3A%2F%2Ftracker.trackerfix.com%3A80%2Fannounce&tr=udp%3A%2F%2F9.rarbg.me%3A2710&tr=udp%3A%2F%2F9.rarbg.to%3A2710&tr=udp%3A%2F%2Fopen.demonii.com%3A1337%2Fannounce
The Great Mouse Detective (1986),magnet:?xt=urn:btih:f3b45a92e8985ae967d21e6e10ccc087f31d0e8b&dn=The.Adventures.of.The.Great.Mouse.Detective.1986.1080p.BluRay.H264.AAC-RARBG&tr=http%3A%2F%2Ftracker.trackerfix.com%3A80%2Fannounce&tr=udp%3A%2F%2F9.rarbg.me%3A2710&tr=udp%3A%2F%2F9.rarbg.to%3A2710&tr=udp%3A%2F%2Fopen.demonii.com%3A1337%2Fannounce
Oliver & Company (1988),magnet:?xt=urn:btih:223b8ca88709d0b900b599d2f6e7b689e157d1cf&dn=Oliver.and.Company.1988.1080p.BluRay.H264.AAC-RARBG&tr=http%3A%2F%2Ftracker.trackerfix.com%3A80%2Fannounce&tr=udp%3A%2F%2F9.rarbg.me%3A2710&tr=udp%3A%2F%2F9.rarbg.to%3A2710&tr=udp%3A%2F%2Fopen.demonii.com%3A1337%2Fannounce
The Little Mermaid (1989),magnet:?xt=urn:btih:8510b8e9c0266b8c2a51c7cc0bfed96a1598dce3&dn=The.Little.Mermaid.1989.1080p.BluRay.H264.AAC-RARBG&tr=http%3A%2F%2Ftracker.trackerfix.com%3A80%2Fannounce&tr=udp%3A%2F%2F9.rarbg.me%3A2710&tr=udp%3A%2F%2F9.rarbg.to%3A2710&tr=udp%3A%2F%2Fopen.demonii.com%3A1337%2Fannounce
The Rescuers Down Under (1990),magnet:?xt=urn:btih:76c8016587f587ec6b0107de07cd06862a3fb07d&dn=The.Rescuers.Down.Under.1990.1080p.BluRay.H264.AAC-RARBG&tr=http%3A%2F%2Ftracker.trackerfix.com%3A80%2Fannounce&tr=udp%3A%2F%2F9.rarbg.me%3A2710&tr=udp%3A%2F%2F9.rarbg.to%3A2710&tr=udp%3A%2F%2Fopen.demonii.com%3A1337%2Fannounce
Beauty and the Beast (1991),magnet:?xt=urn:btih:0d7526111b99e70cb0e2184db15cd2d62d0d876b&dn=Beauty.And.The.Beast.1991.1080p.BluRay.H264.AAC-RARBG&tr=http%3A%2F%2Ftracker.trackerfix.com%3A80%2Fannounce&tr=udp%3A%2F%2F9.rarbg.me%3A2710&tr=udp%3A%2F%2F9.rarbg.to%3A2710&tr=udp%3A%2F%2Fopen.demonii.com%3A1337%2Fannounce
Aladdin (1992),magnet:?xt=urn:btih:d5578c9b3abf5725c3a38b345ab1f4980cfe9325&dn=Aladdin.1992.1080p.BluRay.H264.AAC-RARBG&tr=http%3A%2F%2Ftracker.trackerfix.com%3A80%2Fannounce&tr=udp%3A%2F%2F9.rarbg.me%3A2710&tr=udp%3A%2F%2F9.rarbg.to%3A2710&tr=udp%3A%2F%2Fopen.demonii.com%3A1337%2Fannounce
The Lion King (1994),magnet:?xt=urn:btih:b60c1617d0a766a13b3ca8ac832295a8ac2d53c3&dn=The.Lion.King.1994.1080p.BluRay.H264.AAC-RARBG&tr=http%3A%2F%2Ftracker.trackerfix.com%3A80%2Fannounce&tr=udp%3A%2F%2F9.rarbg.me%3A2710&tr=udp%3A%2F%2F9.rarbg.to%3A2710&tr=udp%3A%2F%2Fopen.demonii.com%3A1337%2Fannounce
The Return of Jafar (1994),magnet:?xt=urn:btih:2aa5a81cb78a02b3c416bbef128532e104d85065&dn=The.Return.Of.Jafar.1994.1080p.BluRay.H264.AAC-RARBG&tr=http%3A%2F%2Ftracker.trackerfix.com%3A80%2Fannounce&tr=udp%3A%2F%2F9.rarbg.me%3A2760&tr=udp%3A%2F%2F9.rarbg.to%3A2780
Pocahontas (1995),magnet:?xt=urn:btih:05a89c6c6530cc300585e300c1396703663f962a&dn=Pocahontas.1995.1080p.BluRay.H264.AAC-RARBG&tr=http%3A%2F%2Ftracker.trackerfix.com%3A80%2Fannounce&tr=udp%3A%2F%2F9.rarbg.me%3A2730&tr=udp%3A%2F%2F9.rarbg.to%3A2760
The Hunchback of Notre Dame (1996),magnet:?xt=urn:btih:0a8b139323a25d87d9fa324bc20c81644fe8df03&dn=The.Hunchback.of.Notre.Dame.1996.1080p.BluRay.H264.AAC-RARBG&tr=http%3A%2F%2Ftracker.trackerfix.com%3A80%2Fannounce&tr=udp%3A%2F%2F9.rarbg.me%3A2710&tr=udp%3A%2F%2F9.rarbg.to%3A2710&tr=udp%3A%2F%2Fopen.demonii.com%3A1337%2Fannounce
Aladdin King of Thieves (1996),magnet:?xt=urn:btih:4e2c2ea561ceef08a1aa431486938f9b04452ad9&dn=Aladdin.And.The.King.Of.Thieves.1996.1080p.BluRay.H264.AAC-RARBG&tr=http%3A%2F%2Ftracker.trackerfix.com%3A80%2Fannounce&tr=udp%3A%2F%2F9.rarbg.me%3A2740&tr=udp%3A%2F%2F9.rarbg.to%3A2760
Hercules (1997),magnet:?xt=urn:btih:a7ad086a93878f4bd6d4a6c0a4b65314388b064b&dn=Hercules.1997.1080p.BluRay.X264-AMIABLE&tr=http%3A%2F%2Ftracker.trackerfix.com%3A80%2Fannounce&tr=udp%3A%2F%2F9.rarbg.me%3A2710&tr=udp%3A%2F%2F9.rarbg.to%3A2710&tr=udp%3A%2F%2Fopen.demonii.com%3A1337%2Fannounce
Mulan (1998),magnet:?xt=urn:btih:025d28d8b9fb81bdd1e4f968a6ee597f457d76c8&dn=Mulan.1998.1080p.BluRay.x264-HD4U&tr=http%3A%2F%2Ftracker.trackerfix.com%3A80%2Fannounce&tr=udp%3A%2F%2F9.rarbg.me%3A2710&tr=udp%3A%2F%2F9.rarbg.to%3A2710&tr=udp%3A%2F%2Fopen.demonii.com%3A1337%2Fannounce
Tarzan (1999),magnet:?xt=urn:btih:a50bc71eaf6ccd0d40b6a62d5ff6b00614e04cbc&dn=Tarzan.1999.1080p.BluRay.H264.AAC-RARBG&tr=http%3A%2F%2Ftracker.trackerfix.com%3A80%2Fannounce&tr=udp%3A%2F%2F9.rarbg.me%3A2710&tr=udp%3A%2F%2F9.rarbg.to%3A2710&tr=udp%3A%2F%2Fopen.demonii.com%3A1337%2Fannounce
Fantasia 2000 (1999),magnet:?xt=urn:btih:d299712732b2e99c236bea41d24c667c36ca4636&dn=Fantasia.2000.1999.1080p.BluRay.x264-FLAME&tr=http%3A%2F%2Ftracker.trackerfix.com%3A80%2Fannounce&tr=udp%3A%2F%2F9.rarbg.me%3A2710&tr=udp%3A%2F%2F9.rarbg.to%3A2710&tr=udp%3A%2F%2Fopen.demonii.com%3A1337%2Fannounce
Dinosaur (2000),magnet:?xt=urn:btih:086c3e94b9603c9068dc9d6372a843ada32b2157&dn=Dinosaur.2000.1080p.BluRay.H264.AAC-RARBG&tr=http%3A%2F%2Ftracker.trackerfix.com%3A80%2Fannounce&tr=udp%3A%2F%2F9.rarbg.me%3A2710&tr=udp%3A%2F%2F9.rarbg.to%3A2710&tr=udp%3A%2F%2Fopen.demonii.com%3A1337%2Fannounce
The Princess Bride (1987),magnet:?xt=urn:btih:1b2636ce397f8c211f74544b795f3f80079a504c&dn=The.Princess.Bride.1987.REMASTERED.1080p.BluRay.H264.AAC-RARBG&tr=http%3A%2F%2Ftracker.trackerfix.com%3A80%2Fannounce&tr=udp%3A%2F%2F9.rarbg.me%3A2710&tr=udp%3A%2F%2F9.rarbg.to%3A2710&tr=udp%3A%2F%2Fopen.demonii.com%3A1337%2Fannounce
The Emperor's New Groove (2000),magnet:?xt=urn:btih:559ace4319b98466a60b6416fea19070810a95cd&dn=The.Emperors.New.Groove.2000.1080p.BluRay.H264.AAC-RARBG&tr=http%3A%2F%2Ftracker.trackerfix.com%3A80%2Fannounce&tr=udp%3A%2F%2F9.rarbg.me%3A2710&tr=udp%3A%2F%2F9.rarbg.to%3A2710&tr=udp%3A%2F%2Fopen.demonii.com%3A1337%2Fannounce
Atlantis: The Lost Empire (2001),magnet:?xt=urn:btih:3873ad03196a787d57a9604aae0933924336e674&dn=Atlantis.The.Lost.Empire.2001.1080p.BluRay.H264.AAC-RARBG&tr=http%3A%2F%2Ftracker.trackerfix.com%3A80%2Fannounce&tr=udp%3A%2F%2F9.rarbg.me%3A2710&tr=udp%3A%2F%2F9.rarbg.to%3A2710&tr=udp%3A%2F%2Fopen.demonii.com%3A1337%2Fannounce
Monsters, Inc. (2001),magnet:?xt=urn:btih:b7e3acdd206144cc3784dacc5c8d20c49cc53c8f&dn=Monsters.Inc.2001.1080p.BluRay.x264-CiNEFiLE&tr=http%3A%2F%2Ftracker.trackerfix.com%3A80%2Fannounce&tr=udp%3A%2F%2F9.rarbg.me%3A2710&tr=udp%3A%2F%2F9.rarbg.to%3A2710&tr=udp%3A%2F%2Fopen.demonii.com%3A1337%2Fannounce
Peter Pan 2: Return to Never Land (2002),magnet:?xt=urn:btih:238ef9e616dceeec893d4ff3b2a52a32a83c5db7&dn=Peter.Pan.II.Return.to.Neverland.2002.1080p.BluRay.H264.AAC-RARBG&tr=http%3A%2F%2Ftracker.trackerfix.com%3A80%2Fannounce&tr=udp%3A%2F%2F9.rarbg.me%3A2710&tr=udp%3A%2F%2F9.rarbg.to%3A2710&tr=udp%3A%2F%2Fopen.demonii.com%3A1337%2Fannounce
Mr. Cinderella (2002),magnet:?xt=urn:btih:132f8bd2730b9704243d332937c3c1a557b83ca6&dn=Cinderella.II.Dreams.Come.True.2002.1080p.BluRay.x264.DTS-FGT&tr=http%3A%2F%2Ftracker.trackerfix.com%3A80%2Fannounce&tr=udp%3A%2F%2F9.rarbg.me%3A2710&tr=udp%3A%2F%2F9.rarbg.to%3A2710&tr=udp%3A%2F%2Fopen.demonii.com%3A1337%2Fannounce
Hunchback of Notre Dame 2 (2002), magnet:?xt=urn:btih:ebf55b34d521f9dc10251c1294e6b8a5c510755b&dn=The.Hunchback.Of.Notre.Dame.II.2002.1080p.BluRay.H264.AAC-RARBG&tr=http%3A%2F%2Ftracker.trackerfix.com%3A80%2Fannounce&tr=udp%3A%2F%2F9.rarbg.me%3A2790&tr=udp%3A%2F%2F9.rarbg.to%3A2720
