Title,Torrent
________
El Fútbol o yo,magnet:?xt=urn:btih:5ECBCDD3C55921B50C332F7330B4C53EB3C534EA&dn=El.f%C3%BAtbol.o.yo.2018.lat.mkv&tr=udp%3a%2f%2ftracker.leechers-paradise.org%3a6969%2fannounce&tr=udp%3a%2f%2ftracker.coppersurfer.tk%3a6969%2fannounce
La balada de Buster Scruggs,magnet:?xt=urn:btih:066853940471D77D4BE7051B909AC550C74B1539&dn=The.ballad.of.buster.scruggs.2018.1080p-dual-lat-cinecalidad.to.mp4&tr=udp%3a%2f%2ftracker.coppersurfer.tk%3a6969%2fannounce
La pequeña brujita,magnet:?xt=urn:btih:7A146C5CA237A6E8E570E90D669CA55E738FDE69&dn=La.peque%C3%B1a.brujita.2018.lat.mkv&tr=udp%3a%2f%2ftracker.leechers-paradise.org%3a6969%2fannounce&tr=udp%3a%2f%2ftracker.coppersurfer.tk%3a6969%2fannounce
Nostalgia,magnet:?xt=urn:btih:662B5E0A323240B6677729923AC3E341D75A7717&dn=Nostalgia.2018.1080p-dual-lat-cinecalidad.to.mp4&tr=udp%3a%2f%2ftracker.coppersurfer.tk%3a6969%2fannounce
Mi cena con Hervé,http://re-dir.com/?YH62NJ0YldGbmJtVjBPajk0ZEQxMWNtNDZZblJwYURvM1JqRXpOREUxUVRSRFFVRXlRemRDT1RNNFEwTkJOREkxTmpFNVJUTkJOalZDTkRZelFUVXhKbVJ1UFUxNUxrUnBibTVsY2k1WGFYUm9Ma2hsY25ZbFl6TWxZVGt1TWpBeE9DNXNZWFF1Yld0MkpuUnlQWFZrY0NVellTVXlaaVV5Wm5SeVlXTnJaWEl1YkdWbFkyaGxjbk10Y0dGeVlXUnBjMlV1YjNKbkpUTmhOamsyT1NVeVptRnVibTkxYm1ObEpuUnlQWFZrY0NVellTVXlaaVV5Wm5SeVlXTnJaWEl1WTI5d2NHVnljM1Z5Wm1WeUxuUnJKVE5oTmprMk9TVXlabUZ1Ym05MWJtTmw=
Crazy Rich Asians,magnet:?xt=urn:btih:147391188FEE303E26FAB64C616B8F78512516E2&dn=Crazy.Rich.Asians.2018.lat.mkv&tr=udp%3a%2f%2ftracker.leechers-paradise.org%3a6969%2fannounce&tr=udp%3a%2f%2ftracker.coppersurfer.tk%3a6969%2fannounce
El justiciero 2,magnet:?xt=urn:btih:1B91F931ED604DBE5F65578BB0043561B3029F1A&dn=The.equalizer.2.2018.1080p-dual-lat-cinecalidad.to.mp4&tr=udp%3a%2f%2ftracker.coppersurfer.tk%3a6969%2fannounce
Punto ciego,magnet:?xt=urn:btih:DB36945EE966A39F7FFFA3F6BBF7CA4B5AB60461&dn=Blindspotting.2018.1080p-dual-lat-cinecalidad.to.mp4&tr=udp%3a%2f%2ftracker.coppersurfer.tk%3a6969%2fannounce
Calibre,magnet:?xt=urn:btih:6264D0A3411845E44B961F3EF6CBBC9024A6C3B0&dn=Calibre.2018.lat.mkv&tr=udp%3a%2f%2ftracker.leechers-paradise.org%3a6969%2fannounce&tr=udp%3a%2f%2ftracker.coppersurfer.tk%3a6969%2fannounce
El rey proscrito,magnet:?xt=urn:btih:D004ABD4B2D4800AC78982BBB5AB2B5AF7DB5638&dn=Outlaw.king.2018.1080p-dual-lat-cinecalidad.to.mp4&tr=udp%3a%2f%2ftracker.coppersurfer.tk%3a6969%2fannounce
Stephanie,http://re-dir.com/?YH62NJ0YldGbmJtVjBPajk0ZEQxMWNtNDZZblJwYURwR05qTXpSVVZETnpGQ09UQTRPRGc1TmtKQk56SXpOVEZGUWtZNE5FTTBNMFpDUWpCRE56azVKbVJ1UFZOMFpYQm9ZVzVwWlNVeU1DNHlNREUzTG14aGRDNXRhM1ltZEhJOWRXUndKVE5oSlRKbUpUSm1kSEpoWTJ0bGNpNXNaV1ZqYUdWeWN5MXdZWEpoWkdselpTNXZjbWNsTTJFMk9UWTVKVEptWVc1dWIzVnVZMlVtZEhJOWRXUndKVE5oSlRKbUpUSm1kSEpoWTJ0bGNpNWpiM0J3WlhKemRYSm1aWEl1ZEdzbE0yRTJPVFk1SlRKbVlXNXViM1Z1WTJVPQ==
Ibiza,magnet:?xt=urn:btih:4F9971F8659238F2783A2E4EA046E049762FB975&dn=Ibiza.2018.lat.mkv&tr=udp%3a%2f%2ftracker.leechers-paradise.org%3a6969%2fannounce&tr=udp%3a%2f%2ftracker.coppersurfer.tk%3a6969%2fannounce
La novia del desierto,magnet:?xt=urn:btih:8B5D3B2D8408EFDAB6773CDE1BC116FAB50340E8&dn=La.novia.del.desierto.2018.lat.mkv&tr=udp%3a%2f%2ftracker.leechers-paradise.org%3a6969%2fannounce&tr=udp%3a%2f%2ftracker.coppersurfer.tk%3a6969%2fannounce
Hostiles Violencia americana,magnet:?xt=urn:btih:61ED285F05C6D56ADDE213A4E1A7C825E0384658&dn=Hostiles.Violencia.americana.2017.lat.%28mitorrent.net%29.mkv&tr=udp%3a%2f%2ftracker.leechers-paradise.org%3a6969%2fannounce&tr=udp%3a%2f%2ftracker.coppersurfer.tk%3a6969%2fannounce
Latidos En La Oscuridad,magnet:?xt=urn:btih:0969427E8B951ACE040E9CA3730054628CED0163&dn=Bad.samaritan.2018.1080p-dual-lat-cinecalidad.to.mp4&tr=udp%3a%2f%2ftracker.coppersurfer.tk%3a6969%2fannounce
Mamá y Papá,magnet:?xt=urn:btih:4F368151A341B7F0C52A61C6ECAEBADAFD0B2CC8&dn=Mam%C3%A1.y.Pap%C3%A1.2018.lat.mkv&tr=udp%3a%2f%2ftracker.leechers-paradise.org%3a6969%2fannounce&tr=udp%3a%2f%2ftracker.coppersurfer.tk%3a6969%2fannounce
The Domestics,magnet:?xt=urn:btih:472C7B1A74ACBA41F869FE2FFB44B984E0319ADC&dn=The.Domestics.2018.lati.%28mitorrent.net%29.mkv&tr=udp%3a%2f%2ftracker.leechers-paradise.org%3a6969%2fannounce&tr=udp%3a%2f%2ftracker.coppersurfer.tk%3a6969%2fannounce
Infiltrado en el KKKlan,magnet:?xt=urn:btih:5F19EC5D38CF868235CD70997E894D14442922F7&dn=BlacKkKlansman.2018.1080p-dual-lat-cinecalidad.to.mp4&tr=udp%3a%2f%2ftracker.coppersurfer.tk%3a6969%2fannounce
Mara,magnet:?xt=urn:btih:AF83844A80BA6D05A70EEBE38A611BA0A8D0EE48&dn=Mara.2018.lat.%28mitorrent.net%29.mkv&tr=udp%3a%2f%2ftracker.leechers-paradise.org%3a6969%2fannounce&tr=udp%3a%2f%2ftracker.coppersurfer.tk%3a6969%2fannounce
Tiger,magnet:?xt=urn:btih:5BD6DFC12443CE84E4EE16E237CF50B8CA450EC3&dn=Tiger.2018.lat.mkv&tr=udp%3a%2f%2ftracker.leechers-paradise.org%3a6969%2fannounce&tr=udp%3a%2f%2ftracker.coppersurfer.tk%3a6969%2fannounce
________
________
El legado,magnet:?xt=urn:btih:C5FFF52993E1E04BAFF592240B7F1709D83E9672&dn=El.legado.%28Kin%29.2018.lat.%28mitorrent.net%29.mkv&tr=udp%3a%2f%2ftracker.leechers-paradise.org%3a6969%2fannounce&tr=udp%3a%2f%2ftracker.coppersurfer.tk%3a6969%2fannounce
Misión Imposible Repercusión,magnet:?xt=urn:btih:16FA837CA568719D5CFECEAF1856535D13DBF195&dn=Mission.impossible.fallout.2018.1080p.imax-dual-lat-cinecalidad.to.mp4&tr=udp%3a%2f%2ftracker.coppersurfer.tk%3a6969%2fannounce
El doctor de la felicidad,magnet:?xt=urn:btih:8825B6088A91B6D31C17489E5CAAE78BA0810120&dn=Knock.2017.1080p-dual-lat-cinecalidad.to.mp4&tr=udp%3a%2f%2ftracker.coppersurfer.tk%3a6969%2fannounce
Megalodón,magnet:?xt=urn:btih:8D025349E7B2CF1F05AE7FB9D56AE2B136888525&dn=The.meg.2018.1080p-dual-lat-cinecalidad.to.mp4&tr=udp%3a%2f%2ftracker.coppersurfer.tk%3a6969%2fannounce
Incoming,magnet:?xt=urn:btih:FFBC45C01522127A2ACE05C32FE66AC53D0D0095&dn=Incoming.2018.1080p-dual-lat-cinecalidad.to.mp4&tr=udp%3a%2f%2ftracker.coppersurfer.tk%3a6969%2fannounce
¡Jóvenes Titanes en acción!: La película,magnet:?xt=urn:btih:53007BD9CEC2458996195C844C586406C0208F07&dn=Teen.titans.go.to.the.movies.2018.1080p-dual-lat-cinecalidad.to.mp4&tr=udp%3a%2f%2ftracker.coppersurfer.tk%3a6969%2fannounce
Hasta que te encontré,magnet:?xt=urn:btih:9F5C1DFADBE2A1AA822A6E27BCAADF67B3A439A2&dn=Forever.my.girl.2018.1080p-dual-lat-cinecalidad.to.mp4&tr=udp%3a%2f%2ftracker.coppersurfer.tk%3a6969%2fannounce
La maldición de Blackwood,magnet:?xt=urn:btih:F74FA71CE3A6F9C3BD4D9719D9DDC45D7A859843&dn=Down.a.dark.hall.2018.1080p-dual-lat-cinecalidad.to.mp4&tr=udp%3a%2f%2ftracker.coppersurfer.tk%3a6969%2fannounce
Sin rastro,magnet:?xt=urn:btih:CF826D72231D245BDE13C585835238E22A18E07F&dn=Leave.no.trace.2018.1080p-dual-lat-cinecalidad.to.mp4&tr=udp%3a%2f%2ftracker.coppersurfer.tk%3a6969%2fannounce
Illand: La brigada del lobo,magnet:?xt=urn:btih:42882C274B390226CABF5019D0C0D61604CE9513&dn=Illang.the.wolf.brigade.2018.1080p-dual-lat-cinecalidad.to.mp4&tr=udp%3a%2f%2ftracker.coppersurfer.tk%3a6969%2fannounce
Christopher Robin: Un reencuentro inolvidable,magnet:?xt=urn:btih:83695ED4ED41724CD6A12C9A37996CCFECA5A9F5&dn=Christopher.robin.2018.1080p-dual-lat-cinecalidad.to.mp4&tr=udp%3a%2f%2ftracker.coppersurfer.tk%3a6969%2fannounce
Constantine Ciudad de Demonios: La película,magnet:?xt=urn:btih:89BD6CABA34EB950BDAB18C66567697CBA86336B&dn=Constantine.city.of.demons.the.movie.2018.1080p-dual-lat-cinecalidad.to.mp4&tr=udp%3a%2f%2ftracker.coppersurfer.tk%3a6969%2fannounce
Mentes poderosas,magnet:?xt=urn:btih:634A9D2CE482162BBD40D53AC2D27840739C3962&dn=The.darkest.minds.2018.1080p-dual-lat-cinecalidad.to.mp4&tr=udp%3a%2f%2ftracker.coppersurfer.tk%3a6969%2fannounce
La noche nos persigue,magnet:?xt=urn:btih:2B2AFE73273443CCB82495288F848857EF10D5DB&dn=The.night.comes.for.us.2018.1080p-dual-lat-cinecalidad.to.mp4&tr=udp%3a%2f%2ftracker.coppersurfer.tk%3a6969%2fannounce
Escape imposible 2: Hades,magnet:?xt=urn:btih:97E3905A9B12AFF22483F3F9A0B5B5ADCA455706&dn=Escape.plan.2.hades.2018.1080p-dual-lat-cinecalidad.to.mp4&tr=udp%3a%2f%2ftracker.coppersurfer.tk%3a6969%2fannounce
Paciente Cero,magnet:?xt=urn:btih:4C1A5DD2BB843A68B7A3A369A8878193C8D016A5&dn=Patient.zero.2018.1080p-dual-lat-cinecalidad.to.mp4&tr=udp%3a%2f%2ftracker.coppersurfer.tk%3a6969%2fannounce
A la deriva,magnet:?xt=urn:btih:19911034CD2E2BAA7152339A441B75E6DFEF5803&dn=Adrift.2018.1080p-dual-lat-cinecalidad.to.mp4&tr=udp%3a%2f%2ftracker.coppersurfer.tk%3a6969%2fannounce
Mi ex es un espía,magnet:?xt=urn:btih:8419172F5681AEE45E19068262CEE13FBA1FC3BE&dn=The.spy.who.dumped.me.2018.1080p-dual-lat-cinecalidad.to.mp4&tr=udp%3a%2f%2ftracker.coppersurfer.tk%3a6969%2fannounce
Errementari El herrero y el diablo,magnet:?xt=urn:btih:E6CD4661513091E57F39CB09E836F40095BD068C&dn=Errementari.2017.1080p-dual-lat-cinecalidad.to.mp4&tr=udp%3a%2f%2ftracker.coppersurfer.tk%3a6969%2fannounce
